{"stats":{"minecraft:picked_up":{"minecraft:birch_log":1},"minecraft:custom":{"minecraft:jump":99,"minecraft:time_since_rest":5924,"minecraft:leave_game":1,"minecraft:sprint_one_cm":6336,"minecraft:play_time":5924,"minecraft:damage_taken":20,"minecraft:time_since_death":5924,"minecraft:walk_one_cm":4046,"minecraft:sneak_time":29,"minecraft:total_world_time":5924,"minecraft:fall_one_cm":4665,"minecraft:fly_one_cm":57331},"minecraft:used":{"minecraft:birch_planks":1},"minecraft:crafted":{"minecraft:birch_planks":4},"minecraft:mined":{"minecraft:birch_log":1,"minecraft:birch_leaves":3,"minecraft:oak_leaves":7}},"DataVersion":3465}